duration,name
6 months,"

                                    Artificial Intelligence Engineer with Data Science
"
6 months,"

                                    Big Data Analytics Implementation Expert (Hadoop, Spark, Cloud Computing)
                                
"
6 months,"

                                Big Data Product Development Expert
                                
"
6 months,"

                                Robotics with AI and Data Science
                                
"
6 months,"

                                Virtual Reality with AI and Data Science
                                
"
6 months,"

                                Cybersecurity with AI and Blockchain
                                
"
6 months," (MEAN Stack) Angular, Reactjs and Node Javascript Full Stack Development "
6 months,"

                                 Microservices, Java, Spring cloud, Enterprise Application Expert
                                
"
6 months,"

                                PG Diploma in Big Data Processing Engineer: Data Intensive Applications and Integrations"
6 months,"

                                Test Automation Developer Expert
                                
"
6 months,"

                                Mobile Application Development Expert
                                
"
6 months,"

                                AWS Cloud Expert
                                
"
6 months,"

                            Software Architecture foundations:
                            
"
6 months,"

                            Advanced Software Architecture
                            
"
6 months,"

                            Enterprise Architecture Training:
                            
"
